epoch,loss,
1,0.06915570749598876,
2,0.06811674633488847,
3,0.06843983659576831,
4,0.06850100369824237,
5,0.06786118244130429,
6,0.06946030245947131,
7,nan,
