epoch,loss,
1,222.91423442224897,
2,219.32363521139155,
