epoch,loss,
1,0.7884275404436077,
2,0.7845908931615424,
3,0.7859958231099675,
4,0.7836735832493872,
5,nan,
