epoch,loss,
1,0.043980439302216144,
2,0.0003739277515976603,
3,0.0003713646805004466,
4,0.0003646288688270282,
5,0.00036148331119583956,
6,0.0003697864934532403,
7,nan,
