epoch,loss,
1,1.330545671213477,
2,1.3218887562355857,
3,nan,
