epoch,loss,
1,200.87590051139648,
2,155.84192921900274,
3,nan,
