epoch,loss,
1,10.494700238459188,
2,19.505850146026738,
3,nan,
