epoch,loss,
1,0.10924368475518861,
2,0.10851012351090629,
3,0.10914787399922096,
4,0.1388195243954765,
5,0.1423853077348137,
6,0.1453932480151181,
7,0.13302062006607968,
8,0.11922690066190618,
9,0.11878179468297895,
10,0.11925989374385,
11,0.12347474477000928,
12,0.12717359110322066,
13,0.12603225246297178,
14,0.12502587625532657,
15,0.1294143380732744,
16,0.13156808266551054,
17,0.14934089499587944,
18,nan,
