epoch,loss,
1,3.1709660842674747,
2,3.2787990579396267,
3,3.10216530944903,
4,2.969150239312586,
5,2.9562007143975455,
6,nan,
