epoch,loss,
1,0.13234491143367377,
2,0.06114921819831242,
3,nan,
