epoch,loss,
1,4.253850992175095,
2,4.236683129502427,
3,4.241179861348612,
4,4.226692717250759,
5,3.9400901121661573,
6,3.7659249574011846,
7,3.752804327612276,
8,3.7445986200362156,
9,3.737407220573145,
10,3.690679063766935,
11,3.6870370176782727,
12,3.6462299253594423,
13,3.7321124246925597,
14,3.78162273940283,
15,3.7204471575124516,
16,3.6747201436169625,
17,nan,
