epoch,loss,
1,9.593752812155273,
2,9.407469562225502,
