epoch,loss,
1,2.441401636961871,
2,2.2912018192735766,
3,2.7146007421420317,
4,2.569575129126892,
5,2.4185402786812276,
6,2.5872953783546295,
7,2.3438902947036206,
8,2.2597323312215405,
9,2.3199782710442642,
10,2.3420688227798285,
11,2.5047664428732412,
12,2.2390494215293035,
13,2.5440028415274045,
14,2.3302056088164895,
15,2.1939571654072774,
16,2.7382404309679043,
17,nan,
