epoch,loss,
1,0.795302281486941,
2,0.768637684065415,
3,0.8995450270109989,
4,0.8464277633729413,
5,0.7893620496707656,
6,0.8055657010394267,
7,nan,
