epoch,loss,
1,759.3840799354953,
2,470.9795025974325,
3,424.4486987687479,
4,420.24652510138964,
5,nan,
