epoch,loss,
1,0.13677299120091066,
2,1.343003268481683,
3,0.25770728890444605,
4,0.050558747758996776,
5,0.0501355881204398,
6,0.05162590011641231,
7,nan,
